,Compound,Date,Negative,Neutral,Positive,Tweets Ago,Username
0,0.5574,Tue Oct 02 16:06:02 +0000 2018,0.816,0.0,0.184,1,@BBC
1,-0.2732,Tue Oct 02 14:06:04 +0000 2018,0.554,0.242,0.204,2,@BBC
2,0.5994,Tue Oct 02 13:05:03 +0000 2018,0.795,0.0,0.205,3,@BBC
3,0.0,Tue Oct 02 12:05:04 +0000 2018,1.0,0.0,0.0,4,@BBC
4,0.5719,Tue Oct 02 10:47:27 +0000 2018,0.829,0.0,0.171,5,@BBC
5,0.0,Tue Oct 02 10:27:17 +0000 2018,1.0,0.0,0.0,6,@BBC
6,0.6696,Tue Oct 02 10:16:58 +0000 2018,0.728,0.0,0.272,7,@BBC
7,-0.6705,Tue Oct 02 09:22:00 +0000 2018,0.769,0.231,0.0,8,@BBC
8,0.0,Tue Oct 02 09:10:44 +0000 2018,1.0,0.0,0.0,9,@BBC
9,-0.7964,Tue Oct 02 08:00:09 +0000 2018,0.679,0.321,0.0,10,@BBC
10,0.0,Tue Oct 02 07:05:06 +0000 2018,1.0,0.0,0.0,11,@BBC
11,-0.6486,Tue Oct 02 06:09:05 +0000 2018,0.798,0.202,0.0,12,@BBC
12,-0.128,Mon Oct 01 19:00:01 +0000 2018,0.919,0.081,0.0,13,@BBC
13,0.0,Mon Oct 01 17:16:04 +0000 2018,1.0,0.0,0.0,14,@BBC
14,0.7506,Mon Oct 01 16:05:44 +0000 2018,0.738,0.0,0.262,15,@BBC
15,0.0,Mon Oct 01 15:48:02 +0000 2018,1.0,0.0,0.0,16,@BBC
16,0.0,Mon Oct 01 15:00:02 +0000 2018,1.0,0.0,0.0,17,@BBC
17,0.0,Mon Oct 01 14:01:07 +0000 2018,1.0,0.0,0.0,18,@BBC
18,0.0,Mon Oct 01 13:04:26 +0000 2018,1.0,0.0,0.0,19,@BBC
19,0.7456,Mon Oct 01 13:03:06 +0000 2018,0.689,0.0,0.311,20,@BBC
20,0.128,Mon Oct 01 12:33:03 +0000 2018,0.642,0.166,0.193,21,@BBC
21,-0.5574,Mon Oct 01 12:08:21 +0000 2018,0.795,0.205,0.0,22,@BBC
22,0.7003,Mon Oct 01 11:03:02 +0000 2018,0.655,0.0,0.345,23,@BBC
23,0.3818,Mon Oct 01 10:03:06 +0000 2018,0.591,0.134,0.274,24,@BBC
24,-0.7351,Mon Oct 01 09:46:54 +0000 2018,0.763,0.237,0.0,25,@BBC
25,0.0,Mon Oct 01 09:04:02 +0000 2018,1.0,0.0,0.0,26,@BBC
26,0.7845,Mon Oct 01 08:02:02 +0000 2018,0.734,0.0,0.266,27,@BBC
27,-0.7845,Mon Oct 01 07:32:01 +0000 2018,0.566,0.434,0.0,28,@BBC
28,-0.872,Mon Oct 01 07:03:05 +0000 2018,0.602,0.398,0.0,29,@BBC
29,0.4753,Sun Sep 30 20:21:03 +0000 2018,0.843,0.0,0.157,30,@BBC
30,0.6239,Sun Sep 30 19:39:53 +0000 2018,0.687,0.0,0.313,31,@BBC
31,0.0,Sun Sep 30 19:03:02 +0000 2018,1.0,0.0,0.0,32,@BBC
32,0.0,Sun Sep 30 17:16:03 +0000 2018,1.0,0.0,0.0,33,@BBC
33,0.5106,Sun Sep 30 16:22:42 +0000 2018,0.769,0.063,0.167,34,@BBC
34,0.4574,Sun Sep 30 16:22:25 +0000 2018,0.875,0.0,0.125,35,@BBC
35,0.0,Sun Sep 30 16:01:09 +0000 2018,0.773,0.113,0.113,36,@BBC
36,0.0,Sun Sep 30 15:03:03 +0000 2018,1.0,0.0,0.0,37,@BBC
37,-0.296,Sun Sep 30 14:02:04 +0000 2018,0.901,0.099,0.0,38,@BBC
38,0.0,Sun Sep 30 13:06:04 +0000 2018,1.0,0.0,0.0,39,@BBC
39,0.0,Sun Sep 30 12:44:04 +0000 2018,1.0,0.0,0.0,40,@BBC
40,0.0,Sun Sep 30 12:31:04 +0000 2018,1.0,0.0,0.0,41,@BBC
41,0.1531,Sun Sep 30 11:02:01 +0000 2018,0.873,0.0,0.127,42,@BBC
42,-0.7783,Sun Sep 30 10:00:00 +0000 2018,0.726,0.274,0.0,43,@BBC
43,0.0,Sun Sep 30 09:04:02 +0000 2018,1.0,0.0,0.0,44,@BBC
44,-0.5994,Sun Sep 30 08:30:16 +0000 2018,0.698,0.302,0.0,45,@BBC
45,0.0,Sun Sep 30 07:31:05 +0000 2018,0.752,0.124,0.124,46,@BBC
46,0.5859,Sun Sep 30 07:04:02 +0000 2018,0.703,0.0,0.297,47,@BBC
47,0.4215,Sat Sep 29 20:32:03 +0000 2018,0.743,0.0,0.257,48,@BBC
48,0.4215,Sat Sep 29 17:02:12 +0000 2018,0.865,0.0,0.135,49,@BBC
49,-0.7003,Sat Sep 29 16:01:07 +0000 2018,0.707,0.293,0.0,50,@BBC
50,0.5499,Sat Sep 29 15:54:38 +0000 2018,0.871,0.0,0.129,51,@BBC
51,0.7088,Sat Sep 29 15:02:04 +0000 2018,0.671,0.0,0.329,52,@BBC
52,0.0,Sat Sep 29 14:03:07 +0000 2018,1.0,0.0,0.0,53,@BBC
53,-0.5256,Sat Sep 29 13:01:07 +0000 2018,0.747,0.253,0.0,54,@BBC
54,-0.5622,Sat Sep 29 11:03:02 +0000 2018,0.768,0.232,0.0,55,@BBC
55,0.4939,Sat Sep 29 10:03:05 +0000 2018,0.819,0.0,0.181,56,@BBC
56,-0.5267,Sat Sep 29 09:01:02 +0000 2018,0.746,0.254,0.0,57,@BBC
57,0.6808,Sat Sep 29 08:11:46 +0000 2018,0.763,0.0,0.237,58,@BBC
58,-0.1022,Sat Sep 29 08:05:03 +0000 2018,0.691,0.165,0.144,59,@BBC
59,0.0,Sat Sep 29 07:03:06 +0000 2018,1.0,0.0,0.0,60,@BBC
60,0.0,Sat Sep 29 06:31:00 +0000 2018,1.0,0.0,0.0,61,@BBC
61,0.3595,Fri Sep 28 20:31:03 +0000 2018,0.865,0.0,0.135,62,@BBC
62,-0.126,Fri Sep 28 18:32:03 +0000 2018,0.846,0.089,0.065,63,@BBC
63,0.4215,Fri Sep 28 16:03:07 +0000 2018,0.714,0.0,0.286,64,@BBC
64,0.1531,Fri Sep 28 15:01:02 +0000 2018,0.882,0.0,0.118,65,@BBC
65,0.0,Fri Sep 28 14:03:07 +0000 2018,1.0,0.0,0.0,66,@BBC
66,-0.5346,Fri Sep 28 12:33:00 +0000 2018,0.478,0.345,0.177,67,@BBC
67,0.6597,Fri Sep 28 11:04:06 +0000 2018,0.669,0.088,0.243,68,@BBC
68,0.0,Fri Sep 28 10:24:29 +0000 2018,1.0,0.0,0.0,69,@BBC
69,-0.296,Fri Sep 28 10:02:06 +0000 2018,0.872,0.128,0.0,70,@BBC
70,0.5719,Fri Sep 28 09:40:18 +0000 2018,0.829,0.0,0.171,71,@BBC
71,-0.5994,Fri Sep 28 09:04:01 +0000 2018,0.738,0.262,0.0,72,@BBC
72,0.5859,Fri Sep 28 08:04:02 +0000 2018,0.798,0.0,0.202,73,@BBC
73,0.3818,Fri Sep 28 07:32:06 +0000 2018,0.867,0.0,0.133,74,@BBC
74,0.6808,Fri Sep 28 07:01:05 +0000 2018,0.714,0.0,0.286,75,@BBC
75,0.2263,Thu Sep 27 17:02:07 +0000 2018,0.756,0.089,0.155,76,@BBC
76,-0.128,Thu Sep 27 16:03:09 +0000 2018,0.933,0.067,0.0,77,@BBC
77,-0.5574,Thu Sep 27 15:31:07 +0000 2018,0.806,0.194,0.0,78,@BBC
78,0.5719,Thu Sep 27 15:06:35 +0000 2018,0.829,0.0,0.171,79,@BBC
79,-0.4201,Thu Sep 27 14:03:05 +0000 2018,0.883,0.117,0.0,80,@BBC
80,0.4939,Thu Sep 27 13:46:00 +0000 2018,0.878,0.0,0.122,81,@BBC
81,0.0,Thu Sep 27 13:10:27 +0000 2018,1.0,0.0,0.0,82,@BBC
82,-0.4019,Thu Sep 27 13:03:06 +0000 2018,0.476,0.299,0.225,83,@BBC
83,0.0,Thu Sep 27 12:32:06 +0000 2018,1.0,0.0,0.0,84,@BBC
84,-0.5267,Thu Sep 27 11:03:03 +0000 2018,0.764,0.236,0.0,85,@BBC
85,0.0,Thu Sep 27 10:44:32 +0000 2018,1.0,0.0,0.0,86,@BBC
86,-0.4753,Thu Sep 27 10:02:02 +0000 2018,0.846,0.154,0.0,87,@BBC
87,0.8697,Thu Sep 27 09:04:05 +0000 2018,0.62,0.0,0.38,88,@BBC
88,0.6369,Thu Sep 27 08:04:04 +0000 2018,0.794,0.0,0.206,89,@BBC
89,0.5411,Thu Sep 27 07:32:04 +0000 2018,0.821,0.0,0.179,90,@BBC
90,0.5551,Thu Sep 27 07:04:02 +0000 2018,0.661,0.0,0.339,91,@BBC
91,0.0,Wed Sep 26 20:03:06 +0000 2018,1.0,0.0,0.0,92,@BBC
92,0.0,Wed Sep 26 19:07:05 +0000 2018,1.0,0.0,0.0,93,@BBC
93,0.0,Wed Sep 26 16:02:05 +0000 2018,1.0,0.0,0.0,94,@BBC
94,0.659,Wed Sep 26 15:03:05 +0000 2018,0.597,0.0,0.403,95,@BBC
95,-0.25,Wed Sep 26 14:04:00 +0000 2018,0.917,0.083,0.0,96,@BBC
96,0.0,Wed Sep 26 14:03:03 +0000 2018,1.0,0.0,0.0,97,@BBC
97,0.25,Wed Sep 26 13:04:06 +0000 2018,0.63,0.165,0.205,98,@BBC
98,0.0,Wed Sep 26 12:32:03 +0000 2018,1.0,0.0,0.0,99,@BBC
99,0.0,Wed Sep 26 12:30:08 +0000 2018,1.0,0.0,0.0,100,@BBC
100,0.3182,Tue Oct 02 02:42:23 +0000 2018,0.881,0.0,0.119,1,@CBS
101,0.765,Tue Oct 02 01:10:54 +0000 2018,0.708,0.0,0.292,2,@CBS
102,0.0,Tue Oct 02 00:01:07 +0000 2018,1.0,0.0,0.0,3,@CBS
103,0.0,Mon Oct 01 21:56:03 +0000 2018,1.0,0.0,0.0,4,@CBS
104,0.296,Mon Oct 01 16:33:11 +0000 2018,0.864,0.0,0.136,5,@CBS
105,-0.2263,Sun Sep 30 23:51:26 +0000 2018,0.909,0.091,0.0,6,@CBS
106,0.6124,Sun Sep 30 17:00:00 +0000 2018,0.81,0.0,0.19,7,@CBS
107,0.0,Sun Sep 30 14:34:18 +0000 2018,1.0,0.0,0.0,8,@CBS
108,0.0,Fri Sep 28 22:22:01 +0000 2018,1.0,0.0,0.0,9,@CBS
109,0.0,Fri Sep 28 20:16:14 +0000 2018,1.0,0.0,0.0,10,@CBS
110,0.0,Fri Sep 28 17:52:41 +0000 2018,1.0,0.0,0.0,11,@CBS
111,0.0,Fri Sep 28 16:51:50 +0000 2018,1.0,0.0,0.0,12,@CBS
112,0.0,Thu Sep 27 20:19:18 +0000 2018,1.0,0.0,0.0,13,@CBS
113,0.0,Thu Sep 27 20:01:53 +0000 2018,1.0,0.0,0.0,14,@CBS
114,0.0,Thu Sep 27 17:19:16 +0000 2018,1.0,0.0,0.0,15,@CBS
115,-0.34,Thu Sep 27 16:58:08 +0000 2018,0.526,0.283,0.191,16,@CBS
116,0.0,Thu Sep 27 00:44:13 +0000 2018,1.0,0.0,0.0,17,@CBS
117,0.0,Thu Sep 27 00:42:15 +0000 2018,1.0,0.0,0.0,18,@CBS
118,0.1139,Wed Sep 26 21:49:27 +0000 2018,0.929,0.0,0.071,19,@CBS
119,0.6249,Wed Sep 26 19:57:54 +0000 2018,0.779,0.0,0.221,20,@CBS
120,0.0,Wed Sep 26 17:25:43 +0000 2018,1.0,0.0,0.0,21,@CBS
121,-0.2714,Tue Sep 25 21:10:56 +0000 2018,0.745,0.149,0.106,22,@CBS
122,-0.2263,Tue Sep 25 20:31:45 +0000 2018,0.909,0.091,0.0,23,@CBS
123,0.0,Tue Sep 25 19:54:26 +0000 2018,1.0,0.0,0.0,24,@CBS
124,0.7901,Tue Sep 25 19:45:33 +0000 2018,0.709,0.0,0.291,25,@CBS
125,0.0,Tue Sep 25 18:34:26 +0000 2018,1.0,0.0,0.0,26,@CBS
126,0.0,Tue Sep 25 18:05:31 +0000 2018,1.0,0.0,0.0,27,@CBS
127,0.0,Mon Sep 24 18:56:15 +0000 2018,1.0,0.0,0.0,28,@CBS
128,-0.2263,Sun Sep 23 23:24:03 +0000 2018,0.913,0.087,0.0,29,@CBS
129,0.0,Sun Sep 23 14:00:00 +0000 2018,1.0,0.0,0.0,30,@CBS
130,0.296,Fri Sep 21 19:18:00 +0000 2018,0.758,0.098,0.144,31,@CBS
131,-0.1531,Fri Sep 21 17:46:26 +0000 2018,0.672,0.187,0.142,32,@CBS
132,0.296,Thu Sep 20 23:17:19 +0000 2018,0.891,0.0,0.109,33,@CBS
133,0.6467,Thu Sep 20 21:38:21 +0000 2018,0.843,0.0,0.157,34,@CBS
134,0.0,Thu Sep 20 16:47:26 +0000 2018,1.0,0.0,0.0,35,@CBS
135,-0.0531,Wed Sep 19 19:07:37 +0000 2018,0.588,0.236,0.176,36,@CBS
136,0.6486,Tue Sep 18 17:04:20 +0000 2018,0.791,0.0,0.209,37,@CBS
137,0.9642,Mon Sep 17 22:01:52 +0000 2018,0.473,0.0,0.527,38,@CBS
138,0.0,Mon Sep 17 21:41:20 +0000 2018,1.0,0.0,0.0,39,@CBS
139,0.3612,Mon Sep 17 19:18:37 +0000 2018,0.737,0.0,0.263,40,@CBS
140,-0.2263,Sun Sep 16 23:48:59 +0000 2018,0.909,0.091,0.0,41,@CBS
141,0.0,Sun Sep 16 14:33:46 +0000 2018,1.0,0.0,0.0,42,@CBS
142,-0.4322,Sat Sep 15 16:00:01 +0000 2018,0.771,0.159,0.07,43,@CBS
143,-0.2481,Fri Sep 14 18:22:59 +0000 2018,0.571,0.248,0.181,44,@CBS
144,0.0,Thu Sep 13 20:52:06 +0000 2018,1.0,0.0,0.0,45,@CBS
145,0.0,Thu Sep 13 20:28:06 +0000 2018,1.0,0.0,0.0,46,@CBS
146,0.4753,Thu Sep 13 18:06:49 +0000 2018,0.699,0.083,0.218,47,@CBS
147,0.0,Mon Sep 10 17:06:16 +0000 2018,1.0,0.0,0.0,48,@CBS
148,-0.2263,Sun Sep 09 23:36:09 +0000 2018,0.917,0.083,0.0,49,@CBS
149,0.6705,Sun Sep 09 14:00:00 +0000 2018,0.718,0.0,0.282,50,@CBS
150,0.4215,Sat Sep 08 16:20:43 +0000 2018,0.851,0.0,0.149,51,@CBS
151,0.0,Sat Sep 08 00:00:00 +0000 2018,1.0,0.0,0.0,52,@CBS
152,-0.5411,Fri Sep 07 23:15:09 +0000 2018,0.712,0.196,0.092,53,@CBS
153,0.0,Fri Sep 07 21:50:51 +0000 2018,1.0,0.0,0.0,54,@CBS
154,-0.296,Thu Sep 06 22:10:49 +0000 2018,0.879,0.121,0.0,55,@CBS
155,0.4753,Thu Sep 06 19:00:01 +0000 2018,0.808,0.0,0.192,56,@CBS
156,0.0,Wed Sep 05 21:00:00 +0000 2018,1.0,0.0,0.0,57,@CBS
157,0.3612,Wed Sep 05 17:32:40 +0000 2018,0.889,0.0,0.111,58,@CBS
158,0.6908,Wed Sep 05 16:48:09 +0000 2018,0.467,0.0,0.533,59,@CBS
159,0.4215,Tue Sep 04 20:34:26 +0000 2018,0.865,0.0,0.135,60,@CBS
160,0.6514,Sat Sep 01 15:25:34 +0000 2018,0.829,0.0,0.171,61,@CBS
161,0.0,Fri Aug 31 21:26:49 +0000 2018,1.0,0.0,0.0,62,@CBS
162,0.0,Fri Aug 31 18:01:01 +0000 2018,1.0,0.0,0.0,63,@CBS
163,-0.6908,Thu Aug 30 19:45:51 +0000 2018,0.761,0.239,0.0,64,@CBS
164,0.6239,Thu Aug 30 15:32:47 +0000 2018,0.83,0.0,0.17,65,@CBS
165,0.0,Mon Aug 27 23:36:57 +0000 2018,1.0,0.0,0.0,66,@CBS
166,-0.4389,Fri Aug 24 20:30:16 +0000 2018,0.879,0.121,0.0,67,@CBS
167,0.0,Wed Aug 22 20:55:25 +0000 2018,1.0,0.0,0.0,68,@CBS
168,0.0,Wed Aug 22 20:10:12 +0000 2018,1.0,0.0,0.0,69,@CBS
169,0.5423,Mon Aug 20 21:59:56 +0000 2018,0.829,0.0,0.171,70,@CBS
170,0.3182,Fri Aug 17 17:42:02 +0000 2018,0.887,0.0,0.113,71,@CBS
171,0.0,Thu Aug 16 18:40:09 +0000 2018,1.0,0.0,0.0,72,@CBS
172,-0.5267,Thu Aug 16 00:09:03 +0000 2018,0.72,0.188,0.092,73,@CBS
173,0.0,Sun Aug 12 23:30:02 +0000 2018,1.0,0.0,0.0,74,@CBS
174,0.4389,Sun Aug 12 15:04:59 +0000 2018,0.874,0.0,0.126,75,@CBS
175,-0.3182,Sat Aug 11 18:00:00 +0000 2018,0.897,0.103,0.0,76,@CBS
176,0.4926,Sat Aug 11 15:00:02 +0000 2018,0.856,0.0,0.144,77,@CBS
177,0.8957,Fri Aug 10 22:28:55 +0000 2018,0.581,0.0,0.419,78,@CBS
178,0.0,Fri Aug 10 19:59:14 +0000 2018,1.0,0.0,0.0,79,@CBS
179,0.6696,Thu Aug 09 21:00:00 +0000 2018,0.745,0.0,0.255,80,@CBS
180,0.7901,Thu Aug 09 18:47:00 +0000 2018,0.72,0.0,0.28,81,@CBS
181,0.6696,Wed Aug 08 16:05:11 +0000 2018,0.791,0.0,0.209,82,@CBS
182,0.0,Tue Aug 07 16:06:57 +0000 2018,1.0,0.0,0.0,83,@CBS
183,0.3612,Mon Aug 06 00:20:55 +0000 2018,0.889,0.0,0.111,84,@CBS
184,0.5411,Mon Aug 06 00:07:38 +0000 2018,0.683,0.098,0.219,85,@CBS
185,0.3818,Mon Aug 06 00:02:58 +0000 2018,0.894,0.0,0.106,86,@CBS
186,0.5093,Mon Aug 06 00:02:02 +0000 2018,0.845,0.0,0.155,87,@CBS
187,0.0,Sun Aug 05 23:58:41 +0000 2018,1.0,0.0,0.0,88,@CBS
188,0.8316,Sun Aug 05 23:44:39 +0000 2018,0.694,0.0,0.306,89,@CBS
189,0.0,Sun Aug 05 23:41:21 +0000 2018,1.0,0.0,0.0,90,@CBS
190,0.5994,Sun Aug 05 23:35:49 +0000 2018,0.843,0.0,0.157,91,@CBS
191,0.0,Sun Aug 05 23:35:46 +0000 2018,1.0,0.0,0.0,92,@CBS
192,0.5826,Sun Aug 05 23:16:25 +0000 2018,0.827,0.0,0.173,93,@CBS
193,-0.5093,Sun Aug 05 23:12:39 +0000 2018,0.798,0.202,0.0,94,@CBS
194,0.0,Sun Aug 05 23:10:20 +0000 2018,1.0,0.0,0.0,95,@CBS
195,0.6041,Sun Aug 05 23:05:58 +0000 2018,0.775,0.0,0.225,96,@CBS
196,0.3802,Sun Aug 05 23:01:25 +0000 2018,0.853,0.0,0.147,97,@CBS
197,-0.2057,Sun Aug 05 22:58:41 +0000 2018,0.917,0.083,0.0,98,@CBS
198,0.0,Sun Aug 05 22:58:36 +0000 2018,1.0,0.0,0.0,99,@CBS
199,-0.0572,Sun Aug 05 22:53:12 +0000 2018,0.936,0.064,0.0,100,@CBS
200,0.7102,Tue Oct 02 16:33:14 +0000 2018,0.717,0.0,0.283,1,@CNN
201,0.5574,Tue Oct 02 16:21:06 +0000 2018,0.841,0.0,0.159,2,@CNN
202,0.4404,Tue Oct 02 16:15:15 +0000 2018,0.83,0.0,0.17,3,@CNN
203,0.5574,Tue Oct 02 16:00:02 +0000 2018,0.805,0.0,0.195,4,@CNN
204,0.0,Tue Oct 02 15:54:48 +0000 2018,1.0,0.0,0.0,5,@CNN
205,-0.4939,Tue Oct 02 15:51:27 +0000 2018,0.849,0.151,0.0,6,@CNN
206,0.0,Tue Oct 02 15:36:56 +0000 2018,1.0,0.0,0.0,7,@CNN
207,0.0,Tue Oct 02 15:21:19 +0000 2018,1.0,0.0,0.0,8,@CNN
208,-0.3597,Tue Oct 02 15:10:45 +0000 2018,0.857,0.143,0.0,9,@CNN
209,0.0,Tue Oct 02 14:56:56 +0000 2018,1.0,0.0,0.0,10,@CNN
210,-0.4939,Tue Oct 02 14:47:18 +0000 2018,0.873,0.127,0.0,11,@CNN
211,-0.8481,Tue Oct 02 14:45:08 +0000 2018,0.675,0.325,0.0,12,@CNN
212,0.7003,Tue Oct 02 14:30:28 +0000 2018,0.726,0.0,0.274,13,@CNN
213,0.7269,Tue Oct 02 14:20:11 +0000 2018,0.717,0.0,0.283,14,@CNN
214,0.4404,Tue Oct 02 14:16:39 +0000 2018,0.83,0.0,0.17,15,@CNN
215,0.5859,Tue Oct 02 14:06:24 +0000 2018,0.703,0.0,0.297,16,@CNN
216,-0.6249,Tue Oct 02 13:51:40 +0000 2018,0.779,0.221,0.0,17,@CNN
217,0.0,Tue Oct 02 13:40:06 +0000 2018,1.0,0.0,0.0,18,@CNN
218,0.0,Tue Oct 02 13:30:00 +0000 2018,1.0,0.0,0.0,19,@CNN
219,0.2023,Tue Oct 02 13:22:26 +0000 2018,0.909,0.0,0.091,20,@CNN
220,0.0,Tue Oct 02 13:10:07 +0000 2018,1.0,0.0,0.0,21,@CNN
221,-0.6808,Tue Oct 02 13:00:07 +0000 2018,0.797,0.203,0.0,22,@CNN
222,0.5106,Tue Oct 02 12:53:28 +0000 2018,0.858,0.0,0.142,23,@CNN
223,0.0258,Tue Oct 02 12:40:06 +0000 2018,0.942,0.0,0.058,24,@CNN
224,0.2023,Tue Oct 02 12:31:04 +0000 2018,0.899,0.0,0.101,25,@CNN
225,0.5106,Tue Oct 02 12:30:06 +0000 2018,0.87,0.0,0.13,26,@CNN
226,0.0,Tue Oct 02 12:20:07 +0000 2018,0.765,0.117,0.117,27,@CNN
227,0.0,Tue Oct 02 12:10:10 +0000 2018,1.0,0.0,0.0,28,@CNN
228,0.5859,Tue Oct 02 12:06:21 +0000 2018,0.806,0.0,0.194,29,@CNN
229,0.5574,Tue Oct 02 11:56:12 +0000 2018,0.841,0.0,0.159,30,@CNN
230,0.7102,Tue Oct 02 11:40:07 +0000 2018,0.717,0.0,0.283,31,@CNN
231,-0.4847,Tue Oct 02 11:30:09 +0000 2018,0.603,0.257,0.14,32,@CNN
232,0.4404,Tue Oct 02 11:22:28 +0000 2018,0.804,0.0,0.196,33,@CNN
233,0.0,Tue Oct 02 11:10:36 +0000 2018,1.0,0.0,0.0,34,@CNN
234,-0.8481,Tue Oct 02 11:01:46 +0000 2018,0.675,0.325,0.0,35,@CNN
235,0.5574,Tue Oct 02 10:52:05 +0000 2018,0.847,0.0,0.153,36,@CNN
236,0.4404,Tue Oct 02 10:44:47 +0000 2018,0.83,0.0,0.17,37,@CNN
237,0.5859,Tue Oct 02 10:27:53 +0000 2018,0.814,0.0,0.186,38,@CNN
238,0.5859,Tue Oct 02 10:20:09 +0000 2018,0.703,0.0,0.297,39,@CNN
239,0.0,Tue Oct 02 10:13:16 +0000 2018,1.0,0.0,0.0,40,@CNN
240,0.8555,Tue Oct 02 10:11:24 +0000 2018,0.615,0.0,0.385,41,@CNN
241,0.4588,Tue Oct 02 09:59:00 +0000 2018,0.833,0.0,0.167,42,@CNN
242,0.3612,Tue Oct 02 09:53:04 +0000 2018,0.857,0.0,0.143,43,@CNN
243,0.0,Tue Oct 02 09:28:07 +0000 2018,1.0,0.0,0.0,44,@CNN
244,0.0,Tue Oct 02 09:18:33 +0000 2018,1.0,0.0,0.0,45,@CNN
245,-0.3597,Tue Oct 02 08:57:53 +0000 2018,0.857,0.143,0.0,46,@CNN
246,0.4019,Tue Oct 02 08:56:03 +0000 2018,0.856,0.0,0.144,47,@CNN
247,-0.6369,Tue Oct 02 08:36:53 +0000 2018,0.766,0.181,0.052,48,@CNN
248,0.4404,Tue Oct 02 08:01:06 +0000 2018,0.775,0.0,0.225,49,@CNN
249,0.7964,Tue Oct 02 08:01:00 +0000 2018,0.717,0.0,0.283,50,@CNN
250,-0.743,Tue Oct 02 07:40:59 +0000 2018,0.717,0.283,0.0,51,@CNN
251,0.4404,Tue Oct 02 07:12:15 +0000 2018,0.873,0.0,0.127,52,@CNN
252,0.2382,Tue Oct 02 07:01:03 +0000 2018,0.866,0.0,0.134,53,@CNN
253,-0.6705,Tue Oct 02 06:57:38 +0000 2018,0.8,0.2,0.0,54,@CNN
254,0.5574,Tue Oct 02 06:31:04 +0000 2018,0.859,0.0,0.141,55,@CNN
255,0.3167,Tue Oct 02 06:16:00 +0000 2018,0.892,0.0,0.108,56,@CNN
256,0.4019,Tue Oct 02 06:11:44 +0000 2018,0.856,0.0,0.144,57,@CNN
257,0.0,Tue Oct 02 05:46:00 +0000 2018,1.0,0.0,0.0,58,@CNN
258,0.0,Tue Oct 02 05:16:00 +0000 2018,1.0,0.0,0.0,59,@CNN
259,-0.296,Tue Oct 02 05:11:55 +0000 2018,0.879,0.121,0.0,60,@CNN
260,0.0,Tue Oct 02 04:53:29 +0000 2018,1.0,0.0,0.0,61,@CNN
261,0.5267,Tue Oct 02 04:46:00 +0000 2018,0.794,0.0,0.206,62,@CNN
262,0.7906,Tue Oct 02 04:31:04 +0000 2018,0.72,0.0,0.28,63,@CNN
263,-0.5859,Tue Oct 02 04:28:23 +0000 2018,0.798,0.202,0.0,64,@CNN
264,0.8402,Tue Oct 02 04:16:00 +0000 2018,0.625,0.0,0.375,65,@CNN
265,0.0,Tue Oct 02 04:02:50 +0000 2018,1.0,0.0,0.0,66,@CNN
266,-0.8342,Tue Oct 02 04:01:05 +0000 2018,0.67,0.33,0.0,67,@CNN
267,-0.0516,Tue Oct 02 03:57:35 +0000 2018,0.656,0.197,0.148,68,@CNN
268,0.0,Tue Oct 02 03:46:03 +0000 2018,1.0,0.0,0.0,69,@CNN
269,0.0,Tue Oct 02 03:31:06 +0000 2018,1.0,0.0,0.0,70,@CNN
270,0.3182,Tue Oct 02 03:16:05 +0000 2018,0.897,0.0,0.103,71,@CNN
271,-0.2263,Tue Oct 02 03:01:04 +0000 2018,0.84,0.16,0.0,72,@CNN
272,0.0,Tue Oct 02 02:53:38 +0000 2018,1.0,0.0,0.0,73,@CNN
273,0.5859,Tue Oct 02 02:51:05 +0000 2018,0.703,0.0,0.297,74,@CNN
274,0.0,Tue Oct 02 02:48:01 +0000 2018,1.0,0.0,0.0,75,@CNN
275,0.0,Tue Oct 02 02:47:19 +0000 2018,1.0,0.0,0.0,76,@CNN
276,0.0,Tue Oct 02 02:47:11 +0000 2018,1.0,0.0,0.0,77,@CNN
277,0.2023,Tue Oct 02 02:46:06 +0000 2018,0.899,0.0,0.101,78,@CNN
278,0.2382,Tue Oct 02 02:31:04 +0000 2018,0.866,0.0,0.134,79,@CNN
279,0.5574,Tue Oct 02 02:16:08 +0000 2018,0.859,0.0,0.141,80,@CNN
280,-0.1027,Tue Oct 02 02:11:04 +0000 2018,0.793,0.116,0.091,81,@CNN
281,0.0,Tue Oct 02 02:06:04 +0000 2018,1.0,0.0,0.0,82,@CNN
282,0.7964,Tue Oct 02 02:01:00 +0000 2018,0.717,0.0,0.283,83,@CNN
283,0.0,Tue Oct 02 01:59:35 +0000 2018,0.777,0.112,0.112,84,@CNN
284,0.0,Tue Oct 02 01:46:00 +0000 2018,1.0,0.0,0.0,85,@CNN
285,-0.1695,Tue Oct 02 01:41:47 +0000 2018,0.923,0.077,0.0,86,@CNN
286,0.0,Tue Oct 02 01:31:00 +0000 2018,1.0,0.0,0.0,87,@CNN
287,0.5574,Tue Oct 02 01:25:49 +0000 2018,0.847,0.0,0.153,88,@CNN
288,-0.5719,Tue Oct 02 01:21:04 +0000 2018,0.783,0.217,0.0,89,@CNN
289,-0.4404,Tue Oct 02 01:20:23 +0000 2018,0.818,0.128,0.054,90,@CNN
290,0.5574,Tue Oct 02 01:16:05 +0000 2018,0.783,0.0,0.217,91,@CNN
291,-0.7351,Tue Oct 02 01:01:06 +0000 2018,0.659,0.341,0.0,92,@CNN
292,0.1779,Tue Oct 02 00:52:03 +0000 2018,0.756,0.107,0.138,93,@CNN
293,0.3773,Tue Oct 02 00:51:04 +0000 2018,0.825,0.053,0.122,94,@CNN
294,0.3612,Tue Oct 02 00:49:32 +0000 2018,0.872,0.0,0.128,95,@CNN
295,0.0,Tue Oct 02 00:49:07 +0000 2018,1.0,0.0,0.0,96,@CNN
296,-0.3818,Tue Oct 02 00:46:03 +0000 2018,0.76,0.132,0.108,97,@CNN
297,0.5574,Tue Oct 02 00:38:20 +0000 2018,0.833,0.0,0.167,98,@CNN
298,0.0,Tue Oct 02 00:35:46 +0000 2018,1.0,0.0,0.0,99,@CNN
299,0.5267,Tue Oct 02 00:31:00 +0000 2018,0.794,0.0,0.206,100,@CNN
300,-0.2263,Tue Oct 02 16:32:34 +0000 2018,0.888,0.112,0.0,1,@FoxNews
301,0.0,Tue Oct 02 16:07:39 +0000 2018,1.0,0.0,0.0,2,@FoxNews
302,-0.3182,Tue Oct 02 16:04:00 +0000 2018,0.827,0.173,0.0,3,@FoxNews
303,0.0,Tue Oct 02 16:01:08 +0000 2018,1.0,0.0,0.0,4,@FoxNews
304,0.0,Tue Oct 02 15:50:44 +0000 2018,1.0,0.0,0.0,5,@FoxNews
305,0.0,Tue Oct 02 15:39:47 +0000 2018,1.0,0.0,0.0,6,@FoxNews
306,0.0,Tue Oct 02 15:33:04 +0000 2018,1.0,0.0,0.0,7,@FoxNews
307,0.34,Tue Oct 02 15:24:46 +0000 2018,0.833,0.0,0.167,8,@FoxNews
308,0.4939,Tue Oct 02 15:18:06 +0000 2018,0.775,0.0,0.225,9,@FoxNews
309,0.0,Tue Oct 02 15:10:47 +0000 2018,1.0,0.0,0.0,10,@FoxNews
310,0.0,Tue Oct 02 15:07:27 +0000 2018,1.0,0.0,0.0,11,@FoxNews
311,-0.7351,Tue Oct 02 14:54:35 +0000 2018,0.744,0.256,0.0,12,@FoxNews
312,0.5399,Tue Oct 02 14:52:56 +0000 2018,0.791,0.0,0.209,13,@FoxNews
313,-0.296,Tue Oct 02 14:47:57 +0000 2018,0.885,0.115,0.0,14,@FoxNews
314,0.0,Tue Oct 02 14:41:05 +0000 2018,1.0,0.0,0.0,15,@FoxNews
315,0.1779,Tue Oct 02 14:36:06 +0000 2018,0.769,0.1,0.131,16,@FoxNews
316,-0.0258,Tue Oct 02 14:27:28 +0000 2018,0.591,0.232,0.177,17,@FoxNews
317,-0.3252,Tue Oct 02 14:17:54 +0000 2018,0.857,0.143,0.0,18,@FoxNews
318,0.0,Tue Oct 02 14:13:40 +0000 2018,1.0,0.0,0.0,19,@FoxNews
319,0.0,Tue Oct 02 14:10:19 +0000 2018,1.0,0.0,0.0,20,@FoxNews
320,0.0516,Tue Oct 02 14:08:00 +0000 2018,0.729,0.13,0.141,21,@FoxNews
321,0.7096,Tue Oct 02 14:04:42 +0000 2018,0.742,0.0,0.258,22,@FoxNews
322,0.4927,Tue Oct 02 14:00:27 +0000 2018,0.862,0.0,0.138,23,@FoxNews
323,0.0,Tue Oct 02 13:56:45 +0000 2018,1.0,0.0,0.0,24,@FoxNews
324,0.3818,Tue Oct 02 13:55:12 +0000 2018,0.755,0.0,0.245,25,@FoxNews
325,-0.296,Tue Oct 02 13:54:09 +0000 2018,0.872,0.128,0.0,26,@FoxNews
326,0.0,Tue Oct 02 13:49:55 +0000 2018,1.0,0.0,0.0,27,@FoxNews
327,-0.4019,Tue Oct 02 13:20:00 +0000 2018,0.838,0.162,0.0,28,@FoxNews
328,0.0,Tue Oct 02 13:15:00 +0000 2018,1.0,0.0,0.0,29,@FoxNews
329,0.0387,Tue Oct 02 13:14:18 +0000 2018,0.905,0.0,0.095,30,@FoxNews
330,0.1779,Tue Oct 02 13:03:08 +0000 2018,0.825,0.0,0.175,31,@FoxNews
331,0.0,Tue Oct 02 13:00:01 +0000 2018,1.0,0.0,0.0,32,@FoxNews
332,0.2023,Tue Oct 02 12:45:00 +0000 2018,0.763,0.102,0.136,33,@FoxNews
333,0.0,Tue Oct 02 12:29:18 +0000 2018,1.0,0.0,0.0,34,@FoxNews
334,-0.296,Tue Oct 02 12:27:15 +0000 2018,0.901,0.099,0.0,35,@FoxNews
335,0.4404,Tue Oct 02 12:25:00 +0000 2018,0.734,0.0,0.266,36,@FoxNews
336,0.5652,Tue Oct 02 12:24:58 +0000 2018,0.819,0.0,0.181,37,@FoxNews
337,0.0,Tue Oct 02 12:04:33 +0000 2018,1.0,0.0,0.0,38,@FoxNews
338,0.8519,Tue Oct 02 12:00:01 +0000 2018,0.492,0.0,0.508,39,@FoxNews
339,-0.4767,Tue Oct 02 11:45:00 +0000 2018,0.721,0.279,0.0,40,@FoxNews
340,0.1779,Tue Oct 02 11:31:55 +0000 2018,0.876,0.0,0.124,41,@FoxNews
341,0.3612,Tue Oct 02 11:30:00 +0000 2018,0.857,0.0,0.143,42,@FoxNews
342,0.0,Tue Oct 02 11:20:00 +0000 2018,1.0,0.0,0.0,43,@FoxNews
343,0.0,Tue Oct 02 11:15:00 +0000 2018,1.0,0.0,0.0,44,@FoxNews
344,0.0,Tue Oct 02 11:07:02 +0000 2018,1.0,0.0,0.0,45,@FoxNews
345,-0.5994,Tue Oct 02 10:46:54 +0000 2018,0.698,0.302,0.0,46,@FoxNews
346,0.0,Tue Oct 02 10:28:37 +0000 2018,1.0,0.0,0.0,47,@FoxNews
347,-0.3182,Tue Oct 02 10:15:00 +0000 2018,0.887,0.113,0.0,48,@FoxNews
348,0.0,Tue Oct 02 10:10:11 +0000 2018,1.0,0.0,0.0,49,@FoxNews
349,0.0,Tue Oct 02 10:10:00 +0000 2018,1.0,0.0,0.0,50,@FoxNews
350,0.8402,Tue Oct 02 10:00:01 +0000 2018,0.679,0.0,0.321,51,@FoxNews
351,-0.5719,Tue Oct 02 09:45:00 +0000 2018,0.773,0.227,0.0,52,@FoxNews
352,0.0,Tue Oct 02 09:15:00 +0000 2018,1.0,0.0,0.0,53,@FoxNews
353,0.4939,Tue Oct 02 09:00:01 +0000 2018,0.758,0.0,0.242,54,@FoxNews
354,-0.5267,Tue Oct 02 08:45:00 +0000 2018,0.855,0.145,0.0,55,@FoxNews
355,-0.5719,Tue Oct 02 08:15:00 +0000 2018,0.68,0.32,0.0,56,@FoxNews
356,0.824,Tue Oct 02 08:00:00 +0000 2018,0.733,0.0,0.267,57,@FoxNews
357,0.0,Tue Oct 02 07:45:00 +0000 2018,1.0,0.0,0.0,58,@FoxNews
358,-0.4019,Tue Oct 02 07:30:00 +0000 2018,0.599,0.251,0.15,59,@FoxNews
359,0.5106,Tue Oct 02 07:15:00 +0000 2018,0.769,0.0,0.231,60,@FoxNews
360,0.0,Tue Oct 02 07:00:00 +0000 2018,1.0,0.0,0.0,61,@FoxNews
361,0.0,Tue Oct 02 06:31:00 +0000 2018,1.0,0.0,0.0,62,@FoxNews
362,0.2732,Tue Oct 02 06:15:00 +0000 2018,0.851,0.0,0.149,63,@FoxNews
363,-0.7506,Tue Oct 02 06:00:00 +0000 2018,0.61,0.39,0.0,64,@FoxNews
364,0.0,Tue Oct 02 05:44:00 +0000 2018,1.0,0.0,0.0,65,@FoxNews
365,0.4939,Tue Oct 02 05:30:00 +0000 2018,0.758,0.0,0.242,66,@FoxNews
366,0.0,Tue Oct 02 05:15:00 +0000 2018,1.0,0.0,0.0,67,@FoxNews
367,-0.5106,Tue Oct 02 04:45:00 +0000 2018,0.788,0.212,0.0,68,@FoxNews
368,-0.1779,Tue Oct 02 04:30:00 +0000 2018,0.697,0.169,0.134,69,@FoxNews
369,0.0,Tue Oct 02 04:15:00 +0000 2018,1.0,0.0,0.0,70,@FoxNews
370,-0.0516,Tue Oct 02 04:01:00 +0000 2018,0.781,0.117,0.102,71,@FoxNews
371,0.0,Tue Oct 02 03:46:00 +0000 2018,1.0,0.0,0.0,72,@FoxNews
372,-0.5106,Tue Oct 02 03:30:00 +0000 2018,0.609,0.279,0.112,73,@FoxNews
373,-0.6486,Tue Oct 02 03:15:00 +0000 2018,0.677,0.323,0.0,74,@FoxNews
374,-0.4215,Tue Oct 02 02:55:00 +0000 2018,0.859,0.141,0.0,75,@FoxNews
375,0.0,Tue Oct 02 02:50:00 +0000 2018,1.0,0.0,0.0,76,@FoxNews
376,0.0,Tue Oct 02 02:42:00 +0000 2018,1.0,0.0,0.0,77,@FoxNews
377,0.0,Tue Oct 02 02:35:00 +0000 2018,1.0,0.0,0.0,78,@FoxNews
378,0.3691,Tue Oct 02 02:20:00 +0000 2018,0.669,0.123,0.208,79,@FoxNews
379,-0.34,Tue Oct 02 02:11:00 +0000 2018,0.862,0.138,0.0,80,@FoxNews
380,0.0,Tue Oct 02 02:05:00 +0000 2018,1.0,0.0,0.0,81,@FoxNews
381,-0.3182,Tue Oct 02 01:57:33 +0000 2018,0.887,0.113,0.0,82,@FoxNews
382,-0.34,Tue Oct 02 01:52:42 +0000 2018,0.658,0.217,0.125,83,@FoxNews
383,-0.5106,Tue Oct 02 01:30:58 +0000 2018,0.752,0.248,0.0,84,@FoxNews
384,0.4019,Tue Oct 02 01:23:40 +0000 2018,0.748,0.0,0.252,85,@FoxNews
385,0.0,Tue Oct 02 01:17:01 +0000 2018,1.0,0.0,0.0,86,@FoxNews
386,-0.1779,Tue Oct 02 01:11:00 +0000 2018,0.521,0.256,0.223,87,@FoxNews
387,0.824,Tue Oct 02 01:05:00 +0000 2018,0.733,0.0,0.267,88,@FoxNews
388,0.0,Tue Oct 02 00:58:28 +0000 2018,1.0,0.0,0.0,89,@FoxNews
389,0.1531,Tue Oct 02 00:52:00 +0000 2018,0.667,0.122,0.211,90,@FoxNews
390,-0.5719,Tue Oct 02 00:49:43 +0000 2018,0.68,0.32,0.0,91,@FoxNews
391,0.0,Tue Oct 02 00:43:05 +0000 2018,1.0,0.0,0.0,92,@FoxNews
392,-0.0516,Tue Oct 02 00:31:37 +0000 2018,0.781,0.117,0.102,93,@FoxNews
393,-0.2263,Tue Oct 02 00:24:59 +0000 2018,0.763,0.137,0.1,94,@FoxNews
394,0.0186,Tue Oct 02 00:16:32 +0000 2018,0.75,0.123,0.127,95,@FoxNews
395,0.4005,Tue Oct 02 00:07:45 +0000 2018,0.784,0.069,0.147,96,@FoxNews
396,-0.3597,Tue Oct 02 00:02:41 +0000 2018,0.884,0.116,0.0,97,@FoxNews
397,-0.3182,Mon Oct 01 23:58:07 +0000 2018,0.881,0.119,0.0,98,@FoxNews
398,0.5267,Mon Oct 01 23:47:49 +0000 2018,0.841,0.0,0.159,99,@FoxNews
399,0.0,Mon Oct 01 23:38:38 +0000 2018,1.0,0.0,0.0,100,@FoxNews
400,0.0,Tue Oct 02 16:30:11 +0000 2018,1.0,0.0,0.0,1,@NYTimes
401,0.0,Tue Oct 02 16:20:03 +0000 2018,1.0,0.0,0.0,2,@NYTimes
402,0.0,Tue Oct 02 16:10:04 +0000 2018,1.0,0.0,0.0,3,@NYTimes
403,-0.4939,Tue Oct 02 16:00:11 +0000 2018,0.862,0.138,0.0,4,@NYTimes
404,0.25,Tue Oct 02 15:45:05 +0000 2018,0.905,0.0,0.095,5,@NYTimes
405,0.0,Tue Oct 02 15:30:13 +0000 2018,1.0,0.0,0.0,6,@NYTimes
406,0.0,Tue Oct 02 15:15:08 +0000 2018,1.0,0.0,0.0,7,@NYTimes
407,0.4019,Tue Oct 02 15:00:12 +0000 2018,0.876,0.0,0.124,8,@NYTimes
408,-0.6077,Tue Oct 02 14:46:04 +0000 2018,0.853,0.147,0.0,9,@NYTimes
409,-0.6486,Tue Oct 02 14:30:12 +0000 2018,0.671,0.24,0.088,10,@NYTimes
410,-0.3818,Tue Oct 02 14:16:03 +0000 2018,0.885,0.115,0.0,11,@NYTimes
411,-0.5499,Tue Oct 02 14:07:04 +0000 2018,0.843,0.157,0.0,12,@NYTimes
412,-0.9136,Tue Oct 02 14:00:12 +0000 2018,0.572,0.428,0.0,13,@NYTimes
413,0.0,Tue Oct 02 13:45:08 +0000 2018,1.0,0.0,0.0,14,@NYTimes
414,0.2716,Tue Oct 02 13:29:05 +0000 2018,0.901,0.0,0.099,15,@NYTimes
415,-0.3272,Tue Oct 02 13:15:07 +0000 2018,0.677,0.192,0.131,16,@NYTimes
416,0.0,Tue Oct 02 13:00:12 +0000 2018,1.0,0.0,0.0,17,@NYTimes
417,0.0258,Tue Oct 02 12:44:03 +0000 2018,0.853,0.071,0.076,18,@NYTimes
418,0.4767,Tue Oct 02 12:30:10 +0000 2018,0.846,0.0,0.154,19,@NYTimes
419,0.0,Tue Oct 02 12:14:04 +0000 2018,1.0,0.0,0.0,20,@NYTimes
420,0.6369,Tue Oct 02 12:10:07 +0000 2018,0.802,0.0,0.198,21,@NYTimes
421,-0.4767,Tue Oct 02 12:00:14 +0000 2018,0.853,0.147,0.0,22,@NYTimes
422,-0.5574,Tue Oct 02 11:45:05 +0000 2018,0.847,0.153,0.0,23,@NYTimes
423,-0.0772,Tue Oct 02 11:30:11 +0000 2018,0.704,0.178,0.117,24,@NYTimes
424,0.0,Tue Oct 02 11:15:07 +0000 2018,1.0,0.0,0.0,25,@NYTimes
425,-0.5267,Tue Oct 02 11:00:02 +0000 2018,0.748,0.252,0.0,26,@NYTimes
426,0.3612,Tue Oct 02 10:50:03 +0000 2018,0.8,0.0,0.2,27,@NYTimes
427,0.1027,Tue Oct 02 10:46:39 +0000 2018,0.84,0.053,0.107,28,@NYTimes
428,0.0,Tue Oct 02 10:40:06 +0000 2018,1.0,0.0,0.0,29,@NYTimes
429,0.0,Tue Oct 02 10:31:00 +0000 2018,1.0,0.0,0.0,30,@NYTimes
430,0.7184,Tue Oct 02 10:22:55 +0000 2018,0.76,0.0,0.24,31,@NYTimes
431,0.0,Tue Oct 02 10:15:08 +0000 2018,1.0,0.0,0.0,32,@NYTimes
432,-0.4404,Tue Oct 02 09:49:52 +0000 2018,0.805,0.195,0.0,33,@NYTimes
433,0.4939,Tue Oct 02 09:45:07 +0000 2018,0.785,0.062,0.153,34,@NYTimes
434,0.0772,Tue Oct 02 09:31:04 +0000 2018,0.677,0.175,0.147,35,@NYTimes
435,-0.886,Tue Oct 02 09:15:05 +0000 2018,0.49,0.51,0.0,36,@NYTimes
436,0.0,Tue Oct 02 09:00:18 +0000 2018,1.0,0.0,0.0,37,@NYTimes
437,0.0,Tue Oct 02 08:45:03 +0000 2018,1.0,0.0,0.0,38,@NYTimes
438,-0.6486,Tue Oct 02 08:30:08 +0000 2018,0.773,0.227,0.0,39,@NYTimes
439,-0.2617,Tue Oct 02 08:15:07 +0000 2018,0.821,0.179,0.0,40,@NYTimes
440,0.4019,Tue Oct 02 08:00:06 +0000 2018,0.886,0.0,0.114,41,@NYTimes
441,-0.7906,Tue Oct 02 07:45:01 +0000 2018,0.636,0.364,0.0,42,@NYTimes
442,-0.1779,Tue Oct 02 07:33:03 +0000 2018,0.829,0.104,0.067,43,@NYTimes
443,-0.5994,Tue Oct 02 07:27:44 +0000 2018,0.83,0.17,0.0,44,@NYTimes
444,-0.6124,Tue Oct 02 07:15:04 +0000 2018,0.692,0.308,0.0,45,@NYTimes
445,0.4019,Tue Oct 02 07:00:15 +0000 2018,0.891,0.0,0.109,46,@NYTimes
446,0.0,Tue Oct 02 06:45:06 +0000 2018,1.0,0.0,0.0,47,@NYTimes
447,-0.8402,Tue Oct 02 06:30:06 +0000 2018,0.667,0.333,0.0,48,@NYTimes
448,0.0,Tue Oct 02 06:15:09 +0000 2018,1.0,0.0,0.0,49,@NYTimes
449,0.0,Tue Oct 02 06:00:02 +0000 2018,1.0,0.0,0.0,50,@NYTimes
450,0.0,Tue Oct 02 05:45:08 +0000 2018,1.0,0.0,0.0,51,@NYTimes
451,0.0,Tue Oct 02 05:30:02 +0000 2018,1.0,0.0,0.0,52,@NYTimes
452,0.0,Tue Oct 02 05:21:48 +0000 2018,1.0,0.0,0.0,53,@NYTimes
453,0.0,Tue Oct 02 05:15:04 +0000 2018,1.0,0.0,0.0,54,@NYTimes
454,-0.0772,Tue Oct 02 05:00:49 +0000 2018,0.69,0.187,0.123,55,@NYTimes
455,0.0,Tue Oct 02 04:47:04 +0000 2018,1.0,0.0,0.0,56,@NYTimes
456,0.4019,Tue Oct 02 04:32:06 +0000 2018,0.863,0.0,0.137,57,@NYTimes
457,-0.5106,Tue Oct 02 04:17:04 +0000 2018,0.845,0.155,0.0,58,@NYTimes
458,0.0,Tue Oct 02 04:02:02 +0000 2018,1.0,0.0,0.0,59,@NYTimes
459,0.34,Tue Oct 02 03:53:04 +0000 2018,0.897,0.0,0.103,60,@NYTimes
460,0.0,Tue Oct 02 03:47:04 +0000 2018,1.0,0.0,0.0,61,@NYTimes
461,-0.1027,Tue Oct 02 03:32:02 +0000 2018,0.795,0.11,0.095,62,@NYTimes
462,0.4939,Tue Oct 02 03:22:04 +0000 2018,0.868,0.0,0.132,63,@NYTimes
463,-0.1027,Tue Oct 02 03:11:04 +0000 2018,0.756,0.13,0.113,64,@NYTimes
464,0.0,Tue Oct 02 03:02:07 +0000 2018,1.0,0.0,0.0,65,@NYTimes
465,-0.4215,Tue Oct 02 02:47:06 +0000 2018,0.648,0.218,0.134,66,@NYTimes
466,0.0,Tue Oct 02 02:32:05 +0000 2018,1.0,0.0,0.0,67,@NYTimes
467,0.0,Tue Oct 02 02:17:00 +0000 2018,1.0,0.0,0.0,68,@NYTimes
468,0.0,Tue Oct 02 02:03:11 +0000 2018,1.0,0.0,0.0,69,@NYTimes
469,0.3716,Tue Oct 02 01:47:04 +0000 2018,0.892,0.0,0.108,70,@NYTimes
470,0.5204,Tue Oct 02 01:30:14 +0000 2018,0.85,0.0,0.15,71,@NYTimes
471,-0.25,Tue Oct 02 01:17:03 +0000 2018,0.8,0.12,0.08,72,@NYTimes
472,0.0,Tue Oct 02 01:02:06 +0000 2018,1.0,0.0,0.0,73,@NYTimes
473,-0.3612,Tue Oct 02 00:47:05 +0000 2018,0.639,0.237,0.123,74,@NYTimes
474,-0.5574,Tue Oct 02 00:32:06 +0000 2018,0.806,0.194,0.0,75,@NYTimes
475,-0.6597,Tue Oct 02 00:22:05 +0000 2018,0.82,0.18,0.0,76,@NYTimes
476,0.0,Tue Oct 02 00:12:03 +0000 2018,1.0,0.0,0.0,77,@NYTimes
477,0.0,Tue Oct 02 00:02:38 +0000 2018,1.0,0.0,0.0,78,@NYTimes
478,-0.0772,Mon Oct 01 23:47:01 +0000 2018,0.936,0.064,0.0,79,@NYTimes
479,0.0,Mon Oct 01 23:35:07 +0000 2018,1.0,0.0,0.0,80,@NYTimes
480,-0.4588,Mon Oct 01 23:23:44 +0000 2018,0.846,0.154,0.0,81,@NYTimes
481,0.0,Mon Oct 01 23:17:01 +0000 2018,1.0,0.0,0.0,82,@NYTimes
482,0.7096,Mon Oct 01 23:02:07 +0000 2018,0.688,0.0,0.312,83,@NYTimes
483,0.032,Mon Oct 01 22:52:02 +0000 2018,0.729,0.153,0.118,84,@NYTimes
484,0.0,Mon Oct 01 22:47:00 +0000 2018,1.0,0.0,0.0,85,@NYTimes
485,0.0,Mon Oct 01 22:32:01 +0000 2018,1.0,0.0,0.0,86,@NYTimes
486,0.0,Mon Oct 01 22:17:04 +0000 2018,1.0,0.0,0.0,87,@NYTimes
487,-0.3612,Mon Oct 01 22:06:42 +0000 2018,0.828,0.172,0.0,88,@NYTimes
488,-0.1779,Mon Oct 01 22:05:09 +0000 2018,0.769,0.13,0.101,89,@NYTimes
489,-0.0516,Mon Oct 01 22:01:30 +0000 2018,0.934,0.066,0.0,90,@NYTimes
490,0.0,Mon Oct 01 21:59:07 +0000 2018,1.0,0.0,0.0,91,@NYTimes
491,0.0,Mon Oct 01 21:56:03 +0000 2018,1.0,0.0,0.0,92,@NYTimes
492,0.0772,Mon Oct 01 21:53:36 +0000 2018,0.73,0.107,0.163,93,@NYTimes
493,-0.0258,Mon Oct 01 21:51:39 +0000 2018,0.797,0.104,0.1,94,@NYTimes
494,0.0,Mon Oct 01 21:46:39 +0000 2018,1.0,0.0,0.0,95,@NYTimes
495,0.34,Mon Oct 01 21:39:45 +0000 2018,0.897,0.0,0.103,96,@NYTimes
496,-0.5106,Mon Oct 01 21:34:58 +0000 2018,0.858,0.142,0.0,97,@NYTimes
497,-0.4404,Mon Oct 01 21:30:57 +0000 2018,0.861,0.139,0.0,98,@NYTimes
498,0.0,Mon Oct 01 21:20:08 +0000 2018,1.0,0.0,0.0,99,@NYTimes
499,0.0,Mon Oct 01 21:08:04 +0000 2018,1.0,0.0,0.0,100,@NYTimes
